{"flutter":{"platforms":{"android":{"default":{"projectId":"screencode-e24b6","appId":"1:249154168695:android:df242dbd6f3e54e8086372","fileOutput":"android/app/google-services.json"}},"dart":{"lib/firebase_options.dart":{"projectId":"screencode-e24b6","configurations":{"android":"1:249154168695:android:df242dbd6f3e54e8086372","ios":"1:249154168695:ios:29882e353a5b8ffd086372","macos":"1:249154168695:ios:29882e353a5b8ffd086372","web":"1:249154168695:web:968ab1d6dacd6341086372","windows":"1:249154168695:web:2fe2e789fd58ea4d086372"}}}}}}