{
  "project_info": {
    "project_number": "249154168695",
    "project_id": "screencode-e24b6",
    "storage_bucket": "screencode-e24b6.appspot.com"
  },
  "client": [
    {
      "client_info": {
        "mobilesdk_app_id": "1:249154168695:android:df242dbd6f3e54e8086372",
        "android_client_info": {
          "package_name": "com.example.project"
        }
      },
      "oauth_client": [],
      "api_key": [
        {
          "current_key": "AIzaSyCQyAEOxKh1kOF7U3w0fBw8AgO2535-7Gg"
        }
      ],
      "services": {
        "appinvite_service": {
          "other_platform_oauth_client": []
        }
      }
    }
  ],
  "configuration_version": "1"
}